{"5": [0.7242048099301784, 0.771722265321955, 0.666537342386033, 0.834529582929195, 0.8193986420950533, 0.819980601357905, 0.8240543161978662, 0.8046556741028128, 0.7895247332686712, 0.8007759456838022], "11": [0.7418541505042668, 0.784522885958107, 0.6741028128031038, 0.843258971871969, 0.8360814742967992, 0.8329776915615907, 0.8347235693501455, 0.8108632395732299, 0.796702230843841, 0.8089233753637245], "17": [0.7451512800620637, 0.7907292474786657, 0.6748787584869059, 0.8448108632395732, 0.8422890397672163, 0.8347235693501455, 0.8358874878758487, 0.8118331716779825, 0.796702230843841, 0.8098933074684772], "23": [0.7467028704422033, 0.7889837083010085, 0.6775945683802134, 0.8448108632395732, 0.8426770126091173, 0.8374393792434529, 0.8393792434529583, 0.8122211445198836, 0.7953443258971872, 0.8114451988360815], "29": [0.7482544608223429, 0.7909231962761831, 0.6760426770126091, 0.8455868089233753, 0.843258971871969, 0.8399612027158099, 0.8366634335596508, 0.8135790494665374, 0.7976721629485936, 0.8131910766246363], "35": [0.7503878975950349, 0.791311093871218, 0.6729388942774006, 0.8475266731328807, 0.84364694471387, 0.8415130940834141, 0.8417070805043647, 0.8141610087293889, 0.7988360814742967, 0.8124151309408342], "41": [0.7501939487975174, 0.7926687354538402, 0.6750727449078564, 0.8463627546071775, 0.8434529582929194, 0.8440349175557711, 0.8413191076624636, 0.8143549951503395, 0.7990300678952473, 0.8143549951503395], "47": [0.7515515903801396, 0.7965477114041893, 0.6725509214354995, 0.8481086323957323, 0.8450048496605238, 0.8434529582929194, 0.8417070805043647, 0.8141610087293889, 0.7992240543161979, 0.8143549951503395], "53": [0.7531031807602793, 0.7979053529868115, 0.6737148399612027, 0.8481086323957323, 0.8438409311348206, 0.8444228903976722, 0.8413191076624636, 0.8137730358874878, 0.8009699321047526, 0.8135790494665374], "59": [0.7550426687354539, 0.7994569433669512, 0.6737148399612027, 0.8488845780795344, 0.8444228903976722, 0.8459747817652764, 0.8422890397672163, 0.81454898157129, 0.8009699321047526, 0.8137730358874878], "65": [0.7556245151280062, 0.7988750969743987, 0.675266731328807, 0.8484966052376334, 0.8446168768186227, 0.8453928225024249, 0.8426770126091173, 0.8155189136760427, 0.8009699321047526, 0.8129970902036857]}