{"5": [0.8125227520931926, 0.819439388423735, 0.802147797597379, 0.7997815799053513, 0.7811760422355726, 0.8110322228290552, 0.795193883123976, 0.828326961587475, 0.7565993082104496, 0.75131986164209], "11": [0.8212595558791409, 0.827448125227521, 0.8223516563523844, 0.8043319985438661, 0.801201529219006, 0.821409066084107, 0.8039322774440196, 0.8405243036592026, 0.779719643182232, 0.762060804660477], "17": [0.8219876228613032, 0.8305424099017109, 0.8232617400800873, 0.806152165999272, 0.80466047697069, 0.8234116147824504, 0.8052066266156926, 0.8417986528308756, 0.783542690697251, 0.7651556526488258], "23": [0.823443756825628, 0.8316345103749545, 0.8238077903167091, 0.806152165999272, 0.80466047697069, 0.8225013653741126, 0.8041143273256872, 0.8452576005825596, 0.7840888403422538, 0.7673402512288368], "29": [0.8245358572988715, 0.8301783764106297, 0.8269020749908992, 0.8056061157626502, 0.8032040779173494, 0.8194065173857636, 0.8048425268523576, 0.8456217003458948, 0.7871836883306026, 0.766794101583834], "35": [0.8230797233345468, 0.8312704768838733, 0.8243538405533309, 0.8039679650527849, 0.8035681776806846, 0.82268341525578, 0.8055707263790278, 0.8461678499908976, 0.7902785363189514, 0.7677043509921718], "41": [0.8248998907899526, 0.8316345103749545, 0.8252639242810339, 0.8045140152894066, 0.8041143273256872, 0.8234116147824504, 0.8052066266156926, 0.8465319497542326, 0.7860913890405972, 0.766794101583834], "47": [0.8230797233345468, 0.8310884601383327, 0.8239898070622498, 0.8046960320349472, 0.8021117786273438, 0.8230475150191152, 0.80466047697069, 0.846349899872565, 0.789186237028946, 0.7686146004005098], "53": [0.8245358572988715, 0.8312704768838733, 0.8259919912631962, 0.8050600655260284, 0.8021117786273438, 0.8221372656107774, 0.8052066266156926, 0.8456217003458948, 0.7880939377389404, 0.7675223011105042], "59": [0.8241718238077903, 0.833636694575901, 0.8241718238077903, 0.8034219148161631, 0.7993810304023302, 0.8206808665574368, 0.8050245767340252, 0.8465319497542326, 0.788275987620608, 0.7671582013471692], "65": [0.8250819075354933, 0.8334546778303604, 0.8259919912631962, 0.8014197306152167, 0.8008374294556708, 0.8203167667941016, 0.8041143273256872, 0.8432550518842162, 0.7875477880939378, 0.7678864008738394]}