{"5": [0.705860939206407, 0.7060429559519475, 0.7216963960684383, 0.7486348744084456, 0.7118150373202258, 0.7629710540688148, 0.740943018387038, 0.77535044602221, 0.8004733296923356, 0.6846896049517568], "11": [0.715143793228977, 0.728066982162359, 0.7415362213323626, 0.7630141973061522, 0.7305661751319862, 0.7849990897505916, 0.7600582559621336, 0.7991989805206626, 0.8266885126524668, 0.686328053886765], "17": [0.7220604295595194, 0.7340735347651984, 0.748452857662905, 0.767564615944667, 0.7411250682687056, 0.7920990351356272, 0.7627890041871472, 0.8062989259056982, 0.8325141088658292, 0.6848716548334244], "23": [0.7253367309792501, 0.7320713505642519, 0.7522752093192574, 0.7688387331634511, 0.7393045694520298, 0.796468232295649, 0.7675223011105042, 0.8103040233023848, 0.8388858547241944, 0.6852357545967596], "29": [0.7275209319257372, 0.7318893338187114, 0.7493629413906079, 0.7686567164179104, 0.7403968687420354, 0.7966502821773166, 0.7718914982705262, 0.8103040233023848, 0.8385217549608592, 0.6866921536501002], "35": [0.7315253003276302, 0.7353476519839826, 0.7533673097925009, 0.7717510010921005, 0.7427635172037138, 0.7981066812306572, 0.7704350992171856, 0.8123065720007282, 0.835608956854178, 0.6879665028217732], "41": [0.7320713505642519, 0.7368037859483072, 0.7560975609756098, 0.7673825991991263, 0.739668669215365, 0.7971964318223194, 0.7689787001638448, 0.8123065720007282, 0.8350628072091754, 0.6872383032951028], "47": [0.7307972333454678, 0.7351656352384419, 0.7559155442300691, 0.7679286494357481, 0.7385763699253596, 0.79865283087566, 0.770253049335518, 0.8104860731840524, 0.8346987074458402, 0.6872383032951028], "53": [0.7302511831088461, 0.7362577357116855, 0.7562795777211504, 0.7715689843465598, 0.7403968687420354, 0.7966502821773166, 0.7697068996905152, 0.8113963225923904, 0.836883306025851, 0.6879665028217732], "59": [0.7298871496177648, 0.7366217692027667, 0.7557335274845286, 0.7697488168911539, 0.7405789186237028, 0.7968323320589842, 0.7726196977971964, 0.8108501729473876, 0.836883306025851, 0.6885126524667758], "65": [0.7309792500910084, 0.7366217692027667, 0.7564615944666909, 0.7697488168911539, 0.7420353176770436, 0.7988348807573276, 0.771527398507191, 0.8090296741307118, 0.8354269069725104, 0.6886947023484434]}