{"5": [0.8217610550814585, 0.845810705973623, 0.7615906886517944, 0.9322987390882638, 0.915615906886518, 0.9169738118331717, 0.9396702230843841, 0.9233753637245393, 0.9090203685741998, 0.9037827352085354], "11": [0.8252521334367727, 0.8597750193948798, 0.7385063045586809, 0.9340446168768186, 0.9169738118331717, 0.9194956353055286, 0.94180407371484, 0.9290009699321048, 0.9121241513094084, 0.906886517943744], "17": [0.8285492629945694, 0.8599689681923972, 0.7315227934044617, 0.9338506304558681, 0.9167798254122211, 0.9181377303588749, 0.9437439379243453, 0.9282250242483027, 0.9146459747817652, 0.9080504364694472], "23": [0.8262218774243599, 0.8622963537626067, 0.7297769156159069, 0.9346265761396703, 0.9169738118331717, 0.9175557710960233, 0.9419980601357905, 0.9307468477206595, 0.9142580019398642, 0.9076624636275461], "29": [0.8285492629945694, 0.861132660977502, 0.7290009699321047, 0.9338506304558681, 0.9169738118331717, 0.9175557710960233, 0.9425800193986421, 0.9278370514064016, 0.9123181377303589, 0.9063045586808923], "35": [0.8275795190069821, 0.8597750193948798, 0.7295829291949564, 0.9328806983511154, 0.9165858389912707, 0.918525703200776, 0.94180407371484, 0.9268671193016489, 0.9125121241513094, 0.9080504364694472], "41": [0.8295190069821567, 0.8617145073700543, 0.7274490785645005, 0.9332686711930165, 0.9167798254122211, 0.9167798254122211, 0.9402521823472357, 0.92725509214355, 0.9115421920465567, 0.9078564500484966], "47": [0.8277734678044996, 0.8640418929402638, 0.7286129970902037, 0.9317167798254122, 0.9175557710960233, 0.916003879728419, 0.9390882638215325, 0.9278370514064016, 0.910184287099903, 0.9064985451018429], "53": [0.8275795190069821, 0.8615205585725368, 0.7284190106692532, 0.9319107662463627, 0.9161978661493695, 0.915615906886518, 0.939282250242483, 0.9260911736178468, 0.910184287099903, 0.9037827352085354], "59": [0.8277734678044996, 0.8621024049650892, 0.7291949563530553, 0.9313288069835112, 0.9161978661493695, 0.9158098933074684, 0.9379243452958292, 0.9257032007759457, 0.9092143549951504, 0.9041707080504364], "65": [0.8295190069821567, 0.8605508145849495, 0.7282250242483026, 0.9321047526673133, 0.915615906886518, 0.915615906886518, 0.9381183317167798, 0.925121241513094, 0.9086323957322987, 0.9051406401551891]}