{"5": [0.8570597362296354, 0.8750969743987588, 0.8244422890397672, 0.9414161008729389, 0.924733268671193, 0.9338506304558681, 0.9561590688651794, 0.9515033947623667, 0.9350145489815713, 0.9255092143549951], "11": [0.8601629169899146, 0.8799456943366951, 0.8207565470417071, 0.9408341416100873, 0.925121241513094, 0.9324927255092144, 0.9586808923375364, 0.950533462657614, 0.9332686711930165, 0.9258971871968962], "17": [0.8576415826221877, 0.8789759503491078, 0.811639185257032, 0.9425800193986421, 0.9216294859359845, 0.933074684772066, 0.9577109602327837, 0.950921435499515, 0.9342386032977692, 0.9233753637245393], "23": [0.8570597362296354, 0.8766485647788984, 0.8042677012609117, 0.9408341416100873, 0.9220174587778855, 0.9322987390882638, 0.9542192046556741, 0.9495635305528612, 0.930164888457808, 0.9224054316197866], "29": [0.8527928626842514, 0.8733514352211016, 0.7976721629485936, 0.9404461687681862, 0.9198836081474296, 0.9303588748787585, 0.953443258971872, 0.9487875848690591, 0.9295829291949563, 0.9210475266731328], "35": [0.8537626066718387, 0.8725756400310318, 0.7968962172647914, 0.938894277400582, 0.9198836081474296, 0.9293889427740059, 0.9520853540252182, 0.9472356935014549, 0.9299709020368574, 0.9200775945683802], "41": [0.8502715283165244, 0.8702482544608223, 0.7963142580019399, 0.9379243452958292, 0.918525703200776, 0.9295829291949563, 0.950921435499515, 0.9466537342386033, 0.927643064985451, 0.918525703200776], "47": [0.8494957331264547, 0.8675329712955779, 0.791658583899127, 0.9361784675072745, 0.9183317167798254, 0.9293889427740059, 0.9507274490785645, 0.9470417070805044, 0.9260911736178468, 0.9177497575169739], "53": [0.8469743987587277, 0.8673390224980605, 0.7891367604267702, 0.9375363724539282, 0.9173617846750728, 0.927643064985451, 0.950921435499515, 0.9460717749757517, 0.9239573229873909, 0.9171677982541222], "59": [0.8452288595810706, 0.8665632273079907, 0.7895247332686712, 0.9369544131910766, 0.9165858389912707, 0.9266731328806983, 0.9499515033947624, 0.9456838021338506, 0.9225994180407372, 0.9175557710960233], "65": [0.8438712179984484, 0.8657874321179209, 0.7881668283220175, 0.9361784675072745, 0.9167798254122211, 0.9264791464597478, 0.9487875848690591, 0.9445198836081474, 0.9222114451988361, 0.9163918525703201]}