{"5": [0.8889697852202403, 0.8862395340371314, 0.8829632326174008, 0.8767746632690208, 0.8725650828326962, 0.8529036956125978, 0.8669215365010012, 0.9013289641361734, 0.8965956672128164, 0.7953759330056436], "11": [0.8969785220240262, 0.8871496177648344, 0.8917000364033492, 0.8809610484164543, 0.8825778263244128, 0.85800109229929, 0.8745676315310396, 0.90533406153286, 0.9024212634261788, 0.7962861824139814], "17": [0.895704404805242, 0.8895158354568621, 0.8929741536221333, 0.8798689479432108, 0.8814855270344074, 0.8536318951392682, 0.8731112324776988, 0.9077007099945386, 0.901875113781176, 0.795193883123976], "23": [0.8964324717874045, 0.8904259191845649, 0.8922460866399708, 0.8796869311976702, 0.8823957764427454, 0.8523575459675952, 0.8720189331876934, 0.9084289095212088, 0.9013289641361734, 0.794283633715638], "29": [0.8951583545686204, 0.8891518019657808, 0.8929741536221333, 0.8765926465234801, 0.880393227744402, 0.8496267977425814, 0.8714727835426906, 0.9069725104678682, 0.9020571636628436, 0.7928272346622974], "35": [0.8942482708409174, 0.8898798689479432, 0.8938842373498361, 0.8751365125591555, 0.8787547788093938, 0.8483524485709084, 0.8705625341343528, 0.9080648097578736, 0.9024212634261788, 0.793009284543965], "41": [0.8940662540953768, 0.8893338187113214, 0.8944302875864579, 0.8742264288314525, 0.8772983797560532, 0.8470780993992354, 0.869652284726015, 0.9069725104678682, 0.9024212634261788, 0.7922810850172948], "47": [0.8949763378230797, 0.8889697852202403, 0.8946123043319986, 0.874408445576993, 0.876934279992718, 0.8470780993992354, 0.8667394866193336, 0.9069725104678682, 0.9020571636628436, 0.791734935372292], "53": [0.8938842373498361, 0.8886057517291591, 0.8937022206042956, 0.8727702948671278, 0.8767522301110504, 0.846349899872565, 0.866193336974331, 0.9056981612961952, 0.9011469142545058, 0.7913708356089568], "59": [0.8947943210775391, 0.8869676010192937, 0.8931561703676738, 0.8718602111394248, 0.876934279992718, 0.843801201529219, 0.8663753868559986, 0.90533406153286, 0.89932641543783, 0.790460586200619], "65": [0.8937022206042956, 0.8858755005460502, 0.8929741536221333, 0.872224244630506, 0.8762060804660476, 0.8443473511742218, 0.8656471873293282, 0.9064263608228654, 0.8995084653194976, 0.7897323866739486]}