{"5": [0.5813614852566437, 0.5414998179832544, 0.5120131052056789, 0.5686203130688023, 0.5128345166575642, 0.540870198434371, 0.5294010558893136, 0.5117422173675588, 0.5439650464227198, 0.6147824503914072], "11": [0.5991991263196214, 0.5642519111758282, 0.5393156170367673, 0.5959228248998908, 0.5359548516293464, 0.5567085381394502, 0.5587110868377936, 0.53267795375933, 0.5578008374294556, 0.6362643364281814], "17": [0.6112122315253004, 0.5693483800509647, 0.5455041863851474, 0.6035675282125955, 0.5439650464227198, 0.5605315856544694, 0.5710904787911888, 0.5355907518660112, 0.5628982341161478, 0.6515565264882578], "23": [0.6123043319985438, 0.5738987986894795, 0.5473243538405533, 0.6052056789224609, 0.5499726925177498, 0.5599854360094666, 0.5758237757145458, 0.5445111960677226, 0.565446932459494, 0.654469324594939], "29": [0.617582817619221, 0.5773571168547507, 0.5529668729523116, 0.6068438296323262, 0.5581649371927908, 0.5590751866011288, 0.5734571272528672, 0.5488803932277444, 0.5689058802111778, 0.65665392317495], "35": [0.6224972697488169, 0.5755369493993447, 0.5513287222424463, 0.6070258463778667, 0.558529036956126, 0.5605315856544694, 0.5800109229929, 0.5476060440560714, 0.5687238303295102, 0.6573821227016202], "41": [0.6153986166727339, 0.5797233345467783, 0.5540589734255551, 0.6090280305788133, 0.5583469870744584, 0.562352084471145, 0.5781904241762242, 0.5457855452393956, 0.5681776806845076, 0.66266156926998], "47": [0.6168547506370586, 0.5764470331270477, 0.5578813250819076, 0.6104841645431379, 0.5603495357728018, 0.5643546331694884, 0.5814673220462406, 0.547788093937739, 0.5669033315128346, 0.6644820680866558], "53": [0.6188569348380051, 0.5764470331270477, 0.5595194757917729, 0.6113942482708409, 0.5596213362461314, 0.563262333879483, 0.5823775714545786, 0.547788093937739, 0.5689058802111778, 0.665210267613326], "59": [0.6177648343647616, 0.5760829996359665, 0.5637058609392064, 0.6108481980342192, 0.5578008374294556, 0.5634443837611506, 0.5823775714545786, 0.5508829419260878, 0.571454578554524, 0.667394866193337], "65": [0.6146705496905716, 0.5773571168547507, 0.5600655260283947, 0.6130323989807063, 0.5565264882577826, 0.5649007828144912, 0.5838339705079192, 0.5507008920444202, 0.5674494811578372, 0.6695794647733478]}